[
  {
    "marks":127,
    "roll_number":"1124",
    "class":"First",
    "first_name":"Sajad",
    "last_name":"Nazir"
  },
  {
    "marks":302,
    "roll_number":"1125",
    "class":"First",
    "first_name":"Prawin",
    "last_name":"Kumar"
  },
  {
    "marks":160,
    "roll_number":"1126",
    "class":"Third",
    "first_name":"Rahul",
    "last_name":"Dash"
  },
  {
    "marks":206,
    "roll_number":"1127",
    "class":"Fifth",
    "first_name":"Shipra",
    "last_name":"Prohit"
  },
  {
    "marks":209,
    "roll_number":"1128",
    "class":"First",
    "first_name":"Shahid",
    "last_name":"Kapoor"
  },
  {
    "marks":333,
    "roll_number":"1129",
    "class":"Fourth",
    "first_name":"Virath",
    "last_name":"Kohli"
  },
  {
    "marks":540,
    "roll_number":"1121",
    "class":"Third",
    "first_name":"Danish",
    "last_name":"Ali"
  },
  {
    "marks":544,
    "roll_number":"1122",
    "class":"Third",
    "first_name":"Shoaib",
    "last_name":"Ali"
  },
  {
    "marks":277,
    "roll_number":"1123",
    "class":"Fourth",
    "first_name":"Mayank",
    "last_name":"Agarwal"
  },
  {
    "marks":266,
    "roll_number":"1120",
    "class":"Fourth",
    "first_name":"Rohit",
    "last_name":"Sharma"
  },
  {
    "marks":342,
    "roll_number":"1130",
    "class":"Fifth",
    "first_name":"Waseem",
    "last_name":"Akram"
  },
  {
    "marks":540,
    "roll_number":"1131",
    "class":"Second",
    "first_name":"Danish",
    "last_name":"Zubair"
  }
]